img0,img1,uv_clicked,uv_groundtruth
8312091.jpg,8318054.jpg,"[[297.9493713378906, 243.5011444091797], [304.51129150390625, 233.51016235351562], [293.3709411621094, 223.4977264404297], [258.9064025878906, 260.7807312011719], [321.358642578125, 191.30029296875], [305.6197509765625, 185.70358276367188], [289.8106384277344, 179.6254425048828], [103.65766906738281, 113.92314147949219], [93.4089126586914, 138.6682586669922], [137.14129638671875, 93.6850814819336]]","[[280.31341552734375, 351.1665344238281], [289.83001708984375, 357.21380615234375], [299.23077392578125, 346.7679443359375], [263.7781066894531, 315.00701904296875], [329.85888671875, 372.5682373046875], [334.92626953125, 357.87164306640625], [340.4134216308594, 343.1920166015625], [397.4107360839844, 176.5560760498047], [374.9635009765625, 167.30833435058594], [416.30560302734375, 206.0210418701172]]"
8312093.jpg,8317877.jpg,"[[361.1613464355469, 212.1209259033203], [378.48919677734375, 216.67559814453125], [398.68389892578125, 222.27645874023438], [235.2204132080078, 178.81727600097656]]","[[145.7342529296875, 268.2049560546875], [151.30198669433594, 249.57171630859375], [158.08201599121094, 227.9485626220703], [104.36251068115234, 405.9192199707031]]"
