img0,img1,uv_clicked,uv_groundtruth
8312091.jpg,8318054.jpg,"[[332.34228515625, 278.7038879394531], [297.36865234375, 300.660400390625], [287.29150390625, 298.2867431640625], [274.25048828125, 298.2867431640625], [260.61669921875, 288.7919921875], [256.46728515625, 277.5170593261719], [170.51513671875, 360.59576416015625], [174.66455078125, 378.39837646484375], [176.44287109375, 396.79437255859375], [190.07666015625, 413.4101257324219], [215.6639404296875, 412.56597900390625], [235.72021484375, 405.6956481933594], [240.2391815185547, 394.3984375], [247.57568359375, 377.804931640625], [246.98291015625, 367.716796875], [245.20458984375, 356.44183349609375]]","[[245.55999755859375, 385.6576843261719], [224.74591064453125, 351.89154052734375], [227.1802215576172, 342.2507629394531], [227.36390686035156, 329.8416748046875], [236.63021850585938, 316.9874572753906], [247.42312622070312, 313.1325988769531], [174.379638671875, 226.54730224609375], [149.4755096435547, 226.54730224609375], [130.62913513183594, 227.8934783935547], [112.45584869384766, 241.35516357421875], [105.05191802978516, 276.3555603027344], [117.84052276611328, 295.2019348144531], [133.32147216796875, 305.2982177734375], [151.2811737060547, 304.2853088378906], [161.06643676757812, 303.77886962890625], [172.00634765625, 302.1639099121094]]"
8312093.jpg,8317877.jpg,"[[356.64599609375, 82.87542724609375], [196.59716796875, 170.70150756835938], [197.18994140625, 195.03173828125], [196.00439453125, 209.86721801757812], [236.90576171875, 221.14219665527344], [259.0111999511719, 215.7187957763672], [267.72998046875, 198.59225463867188], [265.95166015625, 185.53701782226562]]","[[6.8763885498046875, 272.8203125], [90.24404907226562, 462.126953125], [121.20594787597656, 460.78076171875], [140.72540283203125, 458.08843994140625], [166.9757080078125, 398.85699462890625], [153.51400756835938, 369.9143371582031], [129.282958984375, 361.16424560546875], [109.09042358398438, 368.56817626953125]]"
